,path,height,filename,width,xmin,xmax,ymin,ymax,name
0,train/images/pic (54).jpg,175,pic (54).jpg,288,111,230,21,79,fire
1,train/images/pic (54).jpg,175,pic (54).jpg,288,220,244,99,118,fire
2,train/images/pic (125).jpg,183,pic (125).jpg,275,180,204,41,68,fire
3,train/images/pic (61).jpg,225,pic (61).jpg,225,125,225,50,161,fire
4,train/images/pic (123).jpg,174,pic (123).jpg,290,45,125,55,127,fire
5,train/images/img (67).jpg,183,img (67).jpg,275,140,238,65,109,fire
6,train/images/img (67).jpg,183,img (67).jpg,275,135,197,114,142,fire
7,train/images/small (63).jpg,189,small (63).jpg,266,146,185,24,60,fire
8,train/images/pic (90).jpg,163,pic (90).jpg,310,106,185,60,117,fire
9,train/images/pic (49).jpg,183,pic (49).jpg,275,62,117,44,88,fire
10,train/images/pic (49).jpg,183,pic (49).jpg,275,99,134,89,127,fire
11,train/images/small (104).jpg,183,small (104).jpg,275,133,171,61,91,fire
12,train/images/small (93).jpg,194,small (93).jpg,259,53,69,15,44,fire
13,train/images/pic (94).jpg,178,pic (94).jpg,283,100,190,42,115,fire
14,train/images/small (35).jpg,194,small (35).jpg,259,8,42,4,47,fire
15,train/images/small (35).jpg,194,small (35).jpg,259,78,105,36,73,fire
16,train/images/small (35).jpg,194,small (35).jpg,259,143,168,85,125,fire
17,train/images/small (35).jpg,194,small (35).jpg,259,164,190,44,79,fire
18,train/images/small (35).jpg,194,small (35).jpg,259,210,226,34,58,fire
19,train/images/pic (84).jpg,183,pic (84).jpg,275,28,122,73,109,fire
20,train/images/img (100).jpg,185,img (100).jpg,272,106,198,120,166,fire
21,train/images/img (69).jpg,225,img (69).jpg,225,50,126,95,155,fire
22,train/images/small (125).jpg,183,small (125).jpg,275,68,93,83,143,fire
23,train/images/img (88).jpg,197,img (88).jpg,255,104,159,85,151,fire
24,train/images/img (146).jpg,178,img (146).jpg,283,125,197,40,99,fire
25,train/images/img (146).jpg,178,img (146).jpg,283,26,77,65,127,fire
26,train/images/img (146).jpg,178,img (146).jpg,283,73,140,51,112,fire
27,train/images/pic (108).jpg,194,pic (108).jpg,259,118,207,61,117,fire
28,train/images/pic (157).jpg,194,pic (157).jpg,259,108,191,75,118,fire
29,train/images/pic (157).jpg,194,pic (157).jpg,259,119,166,17,78,fire
30,train/images/pic (43).jpg,163,pic (43).jpg,310,73,159,34,137,fire
31,train/images/pic (113).jpg,259,pic (113).jpg,195,96,171,38,131,fire
32,train/images/img (92).jpg,168,img (92).jpg,300,88,138,30,93,fire
33,train/images/small (55).jpg,183,small (55).jpg,275,133,151,68,87,fire
34,train/images/img (53).jpg,194,img (53).jpg,259,64,156,33,109,fire
35,train/images/small (134).jpg,163,small (134).jpg,309,151,164,100,113,fire
36,train/images/pic (209).jpg,168,pic (209).jpg,300,78,218,27,116,fire
37,train/images/pic (172).jpg,135,pic (172).jpg,240,66,207,18,99,fire
38,train/images/pic (195).jpg,284,pic (195).jpg,178,50,137,186,245,fire
39,train/images/img (52).jpg,251,img (52).jpg,201,136,188,123,166,fire
40,train/images/small (81).jpg,259,small (81).jpg,194,37,52,36,59,fire
41,train/images/small (81).jpg,259,small (81).jpg,194,96,107,60,86,fire
42,train/images/small (81).jpg,259,small (81).jpg,194,120,131,23,47,fire
43,train/images/small (81).jpg,259,small (81).jpg,194,186,194,47,66,fire
44,train/images/img (78).jpg,167,img (78).jpg,302,61,155,26,76,fire
45,train/images/img (147).jpg,194,img (147).jpg,259,75,161,62,146,fire
46,train/images/pic (205).jpg,259,pic (205).jpg,194,72,131,107,178,fire
47,train/images/pic (142).jpg,259,pic (142).jpg,194,123,174,116,175,fire
48,train/images/small (114).jpg,263,small (114).jpg,192,13,25,122,135,fire
49,train/images/small (114).jpg,263,small (114).jpg,192,42,53,128,146,fire
50,train/images/small (114).jpg,263,small (114).jpg,192,123,133,81,102,fire
51,train/images/small (114).jpg,263,small (114).jpg,192,82,92,62,75,fire
52,train/images/small (114).jpg,263,small (114).jpg,192,94,105,74,89,fire
53,train/images/small (114).jpg,263,small (114).jpg,192,163,178,109,127,fire
54,train/images/small (37).jpg,275,small (37).jpg,183,52,61,54,76,fire
55,train/images/small (37).jpg,275,small (37).jpg,183,87,96,95,108,fire
56,train/images/small (37).jpg,275,small (37).jpg,183,112,124,118,132,fire
57,train/images/small (92).jpg,201,small (92).jpg,251,141,160,96,116,fire
58,train/images/pic (165).jpg,168,pic (165).jpg,300,132,153,85,101,fire
59,train/images/pic (191).jpg,168,pic (191).jpg,299,123,215,28,117,fire
60,train/images/small (31).jpg,168,small (31).jpg,300,206,225,77,103,fire
61,train/images/small (91).jpg,183,small (91).jpg,275,196,215,34,67,fire
62,train/images/small (58).jpg,275,small (58).jpg,183,124,141,97,118,fire
63,train/images/small (58).jpg,275,small (58).jpg,183,57,70,188,207,fire
64,train/images/small (58).jpg,275,small (58).jpg,183,119,135,233,249,fire
65,train/images/pic (87).jpg,183,pic (87).jpg,275,32,184,51,167,fire
66,train/images/small (115).jpg,183,small (115).jpg,275,57,73,69,84,fire
67,train/images/img (139).jpg,194,img (139).jpg,259,83,127,60,104,fire
68,train/images/img (133).jpg,259,img (133).jpg,194,38,124,107,159,fire
69,train/images/img (54).jpg,168,img (54).jpg,299,162,213,99,137,fire
70,train/images/img (97).jpg,194,img (97).jpg,259,76,173,45,95,fire
71,train/images/img (97).jpg,194,img (97).jpg,259,166,230,60,146,fire
72,train/images/pic (119).jpg,182,pic (119).jpg,277,65,173,91,140,fire
73,train/images/pic (119).jpg,182,pic (119).jpg,277,137,172,78,103,fire
74,train/images/small (33).jpg,183,small (33).jpg,275,189,202,11,47,fire
75,train/images/pic (215).jpg,175,pic (215).jpg,288,76,170,17,72,fire
76,train/images/pic (215).jpg,175,pic (215).jpg,288,70,113,72,106,fire
77,train/images/pic (215).jpg,175,pic (215).jpg,288,161,223,63,122,fire
78,train/images/pic (169).jpg,194,pic (169).jpg,259,71,137,40,109,fire
79,train/images/pic (114).jpg,186,pic (114).jpg,271,53,106,116,148,fire
80,train/images/small (51).jpg,168,small (51).jpg,299,71,87,24,45,fire
81,train/images/small (51).jpg,168,small (51).jpg,299,188,205,49,67,fire
82,train/images/pic (105).jpg,178,pic (105).jpg,283,109,190,43,112,fire
83,train/images/small (116).jpg,183,small (116).jpg,275,200,221,39,71,fire
84,train/images/pic (129).jpg,275,pic (129).jpg,183,49,148,166,246,fire
85,train/images/pic (141).jpg,181,pic (141).jpg,178,26,75,42,96,fire
86,train/images/pic (151).jpg,189,pic (151).jpg,266,88,184,42,140,fire
87,train/images/small (105).jpg,183,small (105).jpg,275,162,177,114,133,fire
88,train/images/small (40).jpg,183,small (40).jpg,275,136,148,57,79,fire
89,train/images/pic (97).jpg,168,pic (97).jpg,300,27,119,34,127,fire
90,train/images/pic (97).jpg,168,pic (97).jpg,300,124,273,32,141,fire
91,train/images/pic (137).jpg,192,pic (137).jpg,262,92,189,15,77,fire
92,train/images/pic (85).jpg,194,pic (85).jpg,259,82,107,50,68,fire
93,train/images/pic (85).jpg,194,pic (85).jpg,259,129,221,16,112,fire
94,train/images/pic (198).jpg,168,pic (198).jpg,300,19,72,94,136,fire
95,train/images/pic (198).jpg,168,pic (198).jpg,300,28,97,28,65,fire
96,train/images/pic (198).jpg,168,pic (198).jpg,300,97,152,8,40,fire
97,train/images/pic (198).jpg,168,pic (198).jpg,300,150,201,1,37,fire
98,train/images/img (66).jpg,194,img (66).jpg,259,91,163,34,93,fire
99,train/images/pic (106).jpg,168,pic (106).jpg,299,105,181,88,129,fire
100,train/images/pic (161).jpg,232,pic (161).jpg,217,111,216,84,206,fire
101,train/images/small (137).jpg,183,small (137).jpg,275,76,102,21,65,fire
102,train/images/img (98).jpg,168,img (98).jpg,300,121,171,77,130,fire
103,train/images/img (98).jpg,168,img (98).jpg,300,179,198,116,128,fire
104,train/images/pic (200).jpg,191,pic (200).jpg,263,48,117,10,101,fire
105,train/images/pic (182).jpg,183,pic (182).jpg,275,111,190,34,115,fire
106,train/images/small (54).jpg,259,small (54).jpg,194,64,105,34,141,fire
107,train/images/pic (72).jpg,186,pic (72).jpg,271,73,139,52,110,fire
108,train/images/pic (72).jpg,186,pic (72).jpg,271,142,221,108,141,fire
109,train/images/pic (72).jpg,186,pic (72).jpg,271,194,225,54,90,fire
110,train/images/img (43).jpg,194,img (43).jpg,259,80,163,62,107,fire
111,train/images/img (99).jpg,194,img (99).jpg,259,136,251,27,91,fire
112,train/images/img (118).jpg,183,img (118).jpg,276,106,139,122,160,fire
113,train/images/img (72).jpg,178,img (72).jpg,231,26,80,63,115,fire
114,train/images/img (72).jpg,178,img (72).jpg,231,63,112,120,160,fire
115,train/images/img (72).jpg,178,img (72).jpg,231,123,155,128,155,fire
116,train/images/img (80).jpg,186,img (80).jpg,271,71,141,52,118,fire
117,train/images/img (80).jpg,186,img (80).jpg,271,183,209,79,101,fire
118,train/images/small (85).jpg,194,small (85).jpg,259,149,165,44,59,fire
119,train/images/small (39).jpg,183,small (39).jpg,275,46,61,46,84,fire
120,train/images/small (68).jpg,177,small (68).jpg,284,41,54,70,85,fire
121,train/images/small (68).jpg,177,small (68).jpg,284,62,71,72,84,fire
122,train/images/pic (111).jpg,168,pic (111).jpg,299,86,202,32,123,fire
123,train/images/pic (47).jpg,173,pic (47).jpg,292,97,183,74,128,fire
124,train/images/pic (47).jpg,173,pic (47).jpg,292,121,178,139,163,fire
125,train/images/pic (180).jpg,183,pic (180).jpg,275,97,170,56,110,fire
126,train/images/pic (180).jpg,183,pic (180).jpg,275,188,230,74,108,fire
127,train/images/small (72).jpg,275,small (72).jpg,183,123,142,150,173,fire
128,train/images/img (45).jpg,224,img (45).jpg,225,80,182,86,180,fire
129,train/images/pic (212).jpg,154,pic (212).jpg,327,150,194,62,100,fire
130,train/images/pic (212).jpg,154,pic (212).jpg,327,119,157,79,119,fire
131,train/images/img (91).jpg,170,img (91).jpg,297,148,221,67,126,fire
132,train/images/img (91).jpg,170,img (91).jpg,297,224,290,18,89,fire
133,train/images/img (48).jpg,183,img (48).jpg,276,88,159,61,128,fire
134,train/images/pic (62).jpg,173,pic (62).jpg,290,84,187,26,99,fire
135,train/images/small (96).jpg,183,small (96).jpg,275,132,139,21,34,fire
136,train/images/pic (79).jpg,183,pic (79).jpg,275,103,197,16,132,fire
137,train/images/pic (107).jpg,168,pic (107).jpg,299,108,275,10,157,fire
138,train/images/pic (130).jpg,163,pic (130).jpg,310,115,273,1,81,fire
139,train/images/small (77).jpg,183,small (77).jpg,276,92,103,13,55,fire
140,train/images/small (77).jpg,183,small (77).jpg,276,138,158,95,129,fire
141,train/images/small (77).jpg,183,small (77).jpg,276,193,205,24,52,fire
142,train/images/small (34).jpg,168,small (34).jpg,300,104,117,21,47,fire
143,train/images/pic (174).jpg,168,pic (174).jpg,300,56,127,33,113,fire
144,train/images/pic (88).jpg,183,pic (88).jpg,275,32,176,47,156,fire
145,train/images/pic (164).jpg,164,pic (164).jpg,308,34,59,104,121,fire
146,train/images/pic (164).jpg,164,pic (164).jpg,308,119,180,71,116,fire
147,train/images/pic (164).jpg,164,pic (164).jpg,308,216,294,2,128,fire
148,train/images/small (94).jpg,275,small (94).jpg,183,74,85,13,30,fire
149,train/images/small (74).jpg,183,small (74).jpg,275,130,146,75,95,fire
150,train/images/small (107).jpg,183,small (107).jpg,275,152,168,64,79,fire
151,train/images/img (42).jpg,176,img (42).jpg,287,85,166,74,114,fire
152,train/images/small (90).jpg,194,small (90).jpg,259,111,149,47,90,fire
153,train/images/small (83).jpg,168,small (83).jpg,299,24,46,98,128,fire
154,train/images/small (83).jpg,168,small (83).jpg,299,166,184,128,156,fire
155,train/images/img (120).jpg,203,img (120).jpg,248,61,174,79,149,fire
156,train/images/img (128).jpg,183,img (128).jpg,275,62,152,82,120,fire
157,train/images/img (128).jpg,183,img (128).jpg,275,189,250,100,123,fire
158,train/images/img (128).jpg,183,img (128).jpg,275,187,211,131,149,fire
159,train/images/img (128).jpg,183,img (128).jpg,275,228,253,147,166,fire
160,train/images/img (49).jpg,168,img (49).jpg,299,113,213,36,105,fire
161,train/images/pic (65).jpg,186,pic (65).jpg,271,125,168,105,156,fire
162,train/images/small (121).jpg,235,small (121).jpg,156,35,47,44,63,fire
163,train/images/small (99).jpg,232,small (99).jpg,217,176,188,87,104,fire
164,train/images/img (140).jpg,194,img (140).jpg,259,84,157,40,89,fire
165,train/images/pic (148).jpg,168,pic (148).jpg,300,207,237,5,39,fire
166,train/images/pic (59).jpg,182,pic (59).jpg,277,60,115,41,156,fire
167,train/images/pic (138).jpg,168,pic (138).jpg,300,26,97,94,139,fire
168,train/images/pic (138).jpg,168,pic (138).jpg,300,229,294,27,67,fire
169,train/images/img (143).jpg,168,img (143).jpg,300,116,214,46,118,fire
170,train/images/pic (75).jpg,168,pic (75).jpg,300,121,156,68,96,fire
171,train/images/pic (75).jpg,168,pic (75).jpg,300,160,195,40,85,fire
172,train/images/pic (216).jpg,179,pic (216).jpg,282,119,230,66,135,fire
173,train/images/img (94).jpg,275,img (94).jpg,183,13,136,150,257,fire
174,train/images/small (59).jpg,183,small (59).jpg,275,150,170,144,161,fire
175,train/images/img (58).jpg,168,img (58).jpg,300,162,252,61,120,fire
176,train/images/small (97).jpg,183,small (97).jpg,275,103,125,99,123,fire
177,train/images/pic (34).jpg,259,pic (34).jpg,194,49,128,96,172,fire
178,train/images/pic (202).jpg,194,pic (202).jpg,259,94,197,80,150,fire
179,train/images/small (71).jpg,168,small (71).jpg,299,174,198,42,77,fire
180,train/images/small (84).jpg,183,small (84).jpg,275,66,86,90,113,fire
181,train/images/pic (77).jpg,218,pic (77).jpg,231,75,158,30,109,fire
182,train/images/pic (77).jpg,218,pic (77).jpg,231,90,151,102,187,fire
183,train/images/pic (86).jpg,273,pic (86).jpg,185,48,115,151,205,fire
184,train/images/pic (45).jpg,194,pic (45).jpg,259,92,214,102,178,fire
185,train/images/small (89).jpg,194,small (89).jpg,259,51,69,36,75,fire
186,train/images/small (89).jpg,194,small (89).jpg,259,146,168,15,50,fire
187,train/images/small (89).jpg,194,small (89).jpg,259,161,181,60,104,fire
188,train/images/pic (153).jpg,183,pic (153).jpg,275,138,193,48,114,fire
189,train/images/img (35).jpg,168,img (35).jpg,300,206,286,11,71,fire
190,train/images/pic (81).jpg,168,pic (81).jpg,300,122,240,70,118,fire
191,train/images/img (37).jpg,170,img (37).jpg,296,103,192,70,130,fire
192,train/images/pic (199).jpg,191,pic (199).jpg,263,45,123,11,100,fire
193,train/images/img (136).jpg,165,img (136).jpg,305,149,227,45,109,fire
194,train/images/pic (74).jpg,249,pic (74).jpg,202,61,104,125,184,fire
195,train/images/small (117).jpg,246,small (117).jpg,205,51,65,129,143,fire
196,train/images/small (132).jpg,183,small (132).jpg,275,163,170,84,100,fire
197,train/images/small (132).jpg,183,small (132).jpg,275,186,196,83,101,fire
198,train/images/pic (46).jpg,178,pic (46).jpg,283,118,244,49,151,fire
199,train/images/pic (185).jpg,168,pic (185).jpg,300,99,197,12,102,fire
200,train/images/pic (185).jpg,168,pic (185).jpg,300,151,232,114,154,fire
201,train/images/pic (181).jpg,171,pic (181).jpg,295,87,190,43,130,fire
202,train/images/pic (66).jpg,194,pic (66).jpg,259,72,145,57,112,fire
203,train/images/small (60).jpg,194,small (60).jpg,259,81,93,43,57,fire
204,train/images/small (60).jpg,194,small (60).jpg,259,148,161,31,47,fire
205,train/images/small (60).jpg,194,small (60).jpg,259,171,183,28,43,fire
206,train/images/pic (118).jpg,183,pic (118).jpg,275,128,167,80,136,fire
207,train/images/pic (118).jpg,183,pic (118).jpg,275,110,130,144,163,fire
208,train/images/pic (118).jpg,183,pic (118).jpg,275,137,161,147,161,fire
209,train/images/img (56).jpg,194,img (56).jpg,259,78,156,70,113,fire
210,train/images/small (109).jpg,275,small (109).jpg,183,74,90,71,89,fire
211,train/images/small (109).jpg,275,small (109).jpg,183,116,130,84,100,fire
212,train/images/pic (120).jpg,182,pic (120).jpg,277,64,179,94,135,fire
213,train/images/pic (120).jpg,182,pic (120).jpg,277,131,180,80,105,fire
214,train/images/small (48).jpg,194,small (48).jpg,260,133,144,20,47,fire
215,train/images/small (135).jpg,183,small (135).jpg,275,177,191,82,110,fire
216,train/images/pic (149).jpg,183,pic (149).jpg,275,102,177,88,147,fire
217,train/images/small (110).jpg,183,small (110).jpg,275,166,202,67,133,fire
218,train/images/small (46).jpg,183,small (46).jpg,275,145,163,53,85,fire
219,train/images/img (86).jpg,183,img (86).jpg,275,166,220,85,116,fire
220,train/images/pic (52).jpg,168,pic (52).jpg,300,100,195,49,116,fire
221,train/images/img (135).jpg,194,img (135).jpg,259,83,177,88,160,fire
222,train/images/small (87).jpg,194,small (87).jpg,259,119,146,94,143,fire
223,train/images/pic (146).jpg,172,pic (146).jpg,293,86,160,9,48,fire
224,train/images/pic (146).jpg,172,pic (146).jpg,293,100,141,50,74,fire
225,train/images/pic (146).jpg,172,pic (146).jpg,293,93,191,118,167,fire
226,train/images/pic (143).jpg,238,pic (143).jpg,212,76,172,18,189,fire
227,train/images/pic (109).jpg,183,pic (109).jpg,275,145,251,26,173,fire
228,train/images/pic (190).jpg,163,pic (190).jpg,310,42,138,8,78,fire
229,train/images/pic (190).jpg,163,pic (190).jpg,310,137,225,46,94,fire
230,train/images/img (112).jpg,183,img (112).jpg,275,57,145,37,86,fire
231,train/images/pic (117).jpg,192,pic (117).jpg,263,123,164,101,136,fire
232,train/images/pic (48).jpg,173,pic (48).jpg,292,98,193,75,141,fire
233,train/images/pic (48).jpg,173,pic (48).jpg,292,125,177,141,159,fire
234,train/images/img (113).jpg,183,img (113).jpg,275,97,174,72,122,fire
235,train/images/img (126).jpg,183,img (126).jpg,275,54,166,47,124,fire
236,train/images/img (137).jpg,168,img (137).jpg,300,88,156,106,138,fire
237,train/images/img (74).jpg,276,img (74).jpg,183,47,98,172,231,fire
238,train/images/img (74).jpg,276,img (74).jpg,183,104,172,187,252,fire
239,train/images/small (49).jpg,183,small (49).jpg,275,136,151,42,69,fire
240,train/images/pic (70).jpg,194,pic (70).jpg,259,76,174,16,168,fire
241,train/images/small (106).jpg,183,small (106).jpg,275,81,104,20,48,fire
242,train/images/pic (53).jpg,168,pic (53).jpg,300,129,228,33,105,fire
243,train/images/pic (189).jpg,194,pic (189).jpg,259,106,202,7,192,fire
244,train/images/small (78).jpg,194,small (78).jpg,259,76,99,77,110,fire
245,train/images/small (78).jpg,194,small (78).jpg,259,125,148,123,145,fire
246,train/images/small (78).jpg,194,small (78).jpg,259,168,190,78,103,fire
247,train/images/small (78).jpg,194,small (78).jpg,259,127,145,24,46,fire
248,train/images/pic (162).jpg,180,pic (162).jpg,281,43,141,49,144,fire
249,train/images/small (75).jpg,168,small (75).jpg,300,78,94,79,100,fire
250,train/images/img (71).jpg,183,img (71).jpg,275,89,132,117,147,fire
251,train/images/small (113).jpg,180,small (113).jpg,280,30,49,53,88,fire
252,train/images/small (113).jpg,180,small (113).jpg,280,145,173,24,51,fire
253,train/images/small (113).jpg,180,small (113).jpg,280,216,229,108,130,fire
254,train/images/small (113).jpg,180,small (113).jpg,280,151,177,2,41,fire
255,train/images/small (113).jpg,180,small (113).jpg,280,237,263,5,40,fire
256,train/images/img (105).jpg,168,img (105).jpg,300,169,255,16,107,fire
257,train/images/pic (64).jpg,183,pic (64).jpg,275,63,126,30,108,fire
258,train/images/pic (156).jpg,183,pic (156).jpg,275,140,257,26,121,fire
259,train/images/pic (159).jpg,168,pic (159).jpg,299,121,185,68,131,fire
260,train/images/img (138).jpg,168,img (138).jpg,299,144,197,86,118,fire
261,train/images/img (117).jpg,183,img (117).jpg,275,57,144,36,85,fire
262,train/images/pic (40).jpg,194,pic (40).jpg,259,140,247,23,92,fire
263,train/images/pic (135).jpg,168,pic (135).jpg,299,106,162,51,102,fire
264,train/images/small (32).jpg,200,small (32).jpg,252,108,131,58,85,fire
265,train/images/pic (71).jpg,183,pic (71).jpg,276,52,195,11,104,fire
266,train/images/pic (57).jpg,183,pic (57).jpg,275,79,179,51,136,fire
267,train/images/pic (55).jpg,135,pic (55).jpg,240,83,160,65,117,fire
268,train/images/pic (44).jpg,168,pic (44).jpg,299,28,177,54,150,fire
269,train/images/small (62).jpg,168,small (62).jpg,301,162,196,58,141,fire
270,train/images/img (44).jpg,173,img (44).jpg,292,9,113,31,118,fire
271,train/images/img (44).jpg,173,img (44).jpg,292,73,101,119,139,fire
272,train/images/img (44).jpg,173,img (44).jpg,292,17,51,126,152,fire
273,train/images/img (44).jpg,173,img (44).jpg,292,165,202,96,122,fire
274,train/images/pic (152).jpg,186,pic (152).jpg,271,75,190,12,119,fire
275,train/images/pic (124).jpg,188,pic (124).jpg,260,53,228,57,131,fire
276,train/images/small (136).jpg,225,small (136).jpg,225,90,110,66,99,fire
277,train/images/pic (96).jpg,184,pic (96).jpg,274,181,271,84,180,fire
278,train/images/pic (204).jpg,168,pic (204).jpg,300,28,147,4,69,fire
279,train/images/pic (204).jpg,168,pic (204).jpg,300,151,216,42,105,fire
280,train/images/pic (204).jpg,168,pic (204).jpg,300,231,300,41,88,fire
281,train/images/small (73).jpg,190,small (73).jpg,266,90,107,155,167,fire
282,train/images/small (38).jpg,183,small (38).jpg,276,118,136,48,76,fire
283,train/images/pic (167).jpg,177,pic (167).jpg,284,110,178,103,161,fire
284,train/images/pic (167).jpg,177,pic (167).jpg,284,136,163,78,101,fire
285,train/images/pic (167).jpg,177,pic (167).jpg,284,244,276,123,148,fire
286,train/images/small (57).jpg,183,small (57).jpg,275,157,184,53,79,fire
287,train/images/pic (158).jpg,166,pic (158).jpg,304,115,251,17,87,fire
288,train/images/img (125).jpg,181,img (125).jpg,278,68,128,88,124,fire
289,train/images/pic (51).jpg,182,pic (51).jpg,276,191,238,44,98,fire
290,train/images/pic (83).jpg,168,pic (83).jpg,300,108,214,49,130,fire
291,train/images/small (82).jpg,181,small (82).jpg,279,183,206,21,65,fire
292,train/images/pic (98).jpg,186,pic (98).jpg,271,45,108,95,157,fire
293,train/images/pic (98).jpg,186,pic (98).jpg,271,112,148,108,141,fire
294,train/images/img (108).jpg,159,img (108).jpg,316,67,183,80,128,fire
295,train/images/pic (31).jpg,168,pic (31).jpg,300,152,278,78,163,fire
296,train/images/small (79).jpg,183,small (79).jpg,275,201,234,102,154,fire
297,train/images/small (88).jpg,177,small (88).jpg,284,132,143,77,91,fire
298,train/images/small (88).jpg,177,small (88).jpg,284,176,189,82,96,fire
299,train/images/img (55).jpg,183,img (55).jpg,275,76,153,71,142,fire
300,train/images/pic (187).jpg,179,pic (187).jpg,282,78,220,81,158,fire
301,train/images/small (122).jpg,179,small (122).jpg,281,83,105,97,126,fire
302,train/images/pic (60).jpg,208,pic (60).jpg,243,39,101,136,179,fire
303,train/images/small (42).jpg,183,small (42).jpg,275,135,156,30,60,fire
304,train/images/pic (32).jpg,212,pic (32).jpg,237,72,147,13,161,fire
305,train/images/small (128).jpg,190,small (128).jpg,266,110,117,101,108,fire
306,train/images/small (128).jpg,190,small (128).jpg,266,120,128,100,111,fire
307,train/images/small (128).jpg,190,small (128).jpg,266,129,138,99,107,fire
308,train/images/pic (100).jpg,225,pic (100).jpg,225,67,186,23,156,fire
309,train/images/small (102).jpg,197,small (102).jpg,256,87,103,11,43,fire
310,train/images/small (102).jpg,197,small (102).jpg,256,101,113,2,22,fire
311,train/images/small (102).jpg,197,small (102).jpg,256,161,176,2,23,fire
312,train/images/small (102).jpg,197,small (102).jpg,256,206,218,13,32,fire
313,train/images/pic (197).jpg,178,pic (197).jpg,283,66,196,54,134,fire
314,train/images/pic (150).jpg,232,pic (150).jpg,217,110,216,93,205,fire
315,train/images/img (50).jpg,163,img (50).jpg,309,147,197,57,106,fire
316,train/images/img (89).jpg,168,img (89).jpg,300,97,201,52,120,fire
317,train/images/pic (76).jpg,194,pic (76).jpg,259,124,176,102,147,fire
318,train/images/pic (122).jpg,183,pic (122).jpg,275,114,170,52,85,fire
319,train/images/pic (128).jpg,168,pic (128).jpg,299,136,185,84,163,fire
320,train/images/pic (128).jpg,168,pic (128).jpg,299,186,232,71,110,fire
321,train/images/img (61).jpg,167,img (61).jpg,301,152,224,22,94,fire
322,train/images/pic (166).jpg,183,pic (166).jpg,275,56,116,63,115,fire
323,train/images/img (33).jpg,194,img (33).jpg,259,153,216,114,151,fire
324,train/images/small (65).jpg,224,small (65).jpg,225,126,144,39,88,fire
325,train/images/img (34).jpg,194,img (34).jpg,259,135,195,87,143,fire
326,train/images/img (127).jpg,158,img (127).jpg,320,89,208,35,133,fire
327,train/images/img (109).jpg,168,img (109).jpg,299,22,172,34,114,fire
328,train/images/small (64).jpg,260,small (64).jpg,194,135,149,105,123,fire
329,train/images/pic (177).jpg,168,pic (177).jpg,300,129,205,65,130,fire
330,train/images/small (95).jpg,194,small (95).jpg,260,205,221,114,136,fire
331,train/images/img (134).jpg,164,img (134).jpg,307,168,250,70,150,fire
332,train/images/pic (201).jpg,163,pic (201).jpg,310,39,95,13,83,fire
333,train/images/pic (201).jpg,163,pic (201).jpg,310,100,142,18,80,fire
334,train/images/pic (201).jpg,163,pic (201).jpg,310,130,226,46,94,fire
335,train/images/small (108).jpg,194,small (108).jpg,259,14,36,48,73,fire
336,train/images/small (133).jpg,183,small (133).jpg,275,169,177,85,93,fire
337,train/images/pic (82).jpg,196,pic (82).jpg,258,16,53,144,176,fire
338,train/images/pic (82).jpg,196,pic (82).jpg,258,84,117,88,107,fire
339,train/images/pic (82).jpg,196,pic (82).jpg,258,177,251,56,124,fire
340,train/images/pic (179).jpg,173,pic (179).jpg,292,38,112,70,127,fire
341,train/images/pic (179).jpg,173,pic (179).jpg,292,152,242,72,143,fire
342,train/images/small (80).jpg,285,small (80).jpg,177,81,98,69,98,fire
343,train/images/small (50).jpg,185,small (50).jpg,272,142,153,63,79,fire
344,train/images/small (50).jpg,185,small (50).jpg,272,158,167,74,87,fire
345,train/images/small (50).jpg,185,small (50).jpg,272,184,192,71,84,fire
346,train/images/small (50).jpg,185,small (50).jpg,272,201,211,63,79,fire
347,train/images/pic (206).jpg,194,pic (206).jpg,259,85,144,67,135,fire
348,train/images/pic (99).jpg,225,pic (99).jpg,225,75,147,126,192,fire
349,train/images/small (124).jpg,194,small (124).jpg,259,111,144,68,111,fire
350,train/images/pic (89).jpg,173,pic (89).jpg,291,45,74,104,133,fire
351,train/images/pic (89).jpg,173,pic (89).jpg,291,69,98,90,116,fire
352,train/images/pic (89).jpg,173,pic (89).jpg,291,91,153,108,165,fire
353,train/images/img (124).jpg,192,img (124).jpg,262,69,138,72,148,fire
354,train/images/small (100).jpg,189,small (100).jpg,266,148,175,5,56,fire
355,train/images/pic (35).jpg,192,pic (35).jpg,262,161,248,66,146,fire
356,train/images/pic (115).jpg,186,pic (115).jpg,271,52,111,116,147,fire
357,train/images/img (82).jpg,168,img (82).jpg,300,151,252,42,159,fire
358,train/images/img (107).jpg,183,img (107).jpg,275,99,176,54,117,fire
359,train/images/img (116).jpg,183,img (116).jpg,275,109,216,89,165,fire
360,train/images/img (114).jpg,303,img (114).jpg,166,27,74,111,149,fire
361,train/images/pic (131).jpg,189,pic (131).jpg,266,156,246,87,163,fire
362,train/images/pic (160).jpg,165,pic (160).jpg,306,157,254,3,108,fire
363,train/images/pic (160).jpg,165,pic (160).jpg,306,2,91,4,76,fire
364,train/images/pic (33).jpg,135,pic (33).jpg,240,77,120,51,93,fire
365,train/images/pic (33).jpg,135,pic (33).jpg,240,140,232,34,112,fire
366,train/images/pic (112).jpg,168,pic (112).jpg,300,189,274,9,134,fire
367,train/images/img (38).jpg,169,img (38).jpg,299,88,176,38,109,fire
368,train/images/pic (168).jpg,168,pic (168).jpg,300,127,180,91,150,fire
369,train/images/pic (168).jpg,168,pic (168).jpg,300,140,184,28,81,fire
370,train/images/pic (173).jpg,168,pic (173).jpg,300,133,238,61,142,fire
371,train/images/pic (155).jpg,250,pic (155).jpg,201,40,113,143,217,fire
372,train/images/img (68).jpg,259,img (68).jpg,194,38,122,109,154,fire
373,train/images/pic (154).jpg,183,pic (154).jpg,275,101,193,14,112,fire
374,train/images/pic (69).jpg,168,pic (69).jpg,299,40,170,69,132,fire
375,train/images/pic (78).jpg,194,pic (78).jpg,259,77,156,56,136,fire
376,train/images/img (57).jpg,183,img (57).jpg,275,131,219,74,136,fire
377,train/images/img (57).jpg,183,img (57).jpg,275,82,130,109,136,fire
378,train/images/pic (95).jpg,177,pic (95).jpg,284,101,172,55,126,fire
379,train/images/img (60).jpg,184,img (60).jpg,274,85,178,44,136,fire
380,train/images/img (60).jpg,184,img (60).jpg,274,85,131,13,39,fire
381,train/images/small (131).jpg,183,small (131).jpg,275,121,140,69,94,fire
382,train/images/img (63).jpg,168,img (63).jpg,300,118,176,80,138,fire
383,train/images/pic (140).jpg,203,pic (140).jpg,248,61,121,72,124,fire
384,train/images/img (40).jpg,191,img (40).jpg,264,104,196,74,160,fire
385,train/images/img (40).jpg,191,img (40).jpg,264,215,256,122,155,fire
386,train/images/img (142).jpg,187,img (142).jpg,270,162,232,52,116,fire
387,train/images/img (145).jpg,222,img (145).jpg,228,34,97,157,203,fire
388,train/images/img (145).jpg,222,img (145).jpg,228,79,155,127,164,fire
389,train/images/img (145).jpg,222,img (145).jpg,228,153,209,117,155,fire
390,train/images/img (145).jpg,222,img (145).jpg,228,156,214,151,198,fire
391,train/images/pic (110).jpg,168,pic (110).jpg,300,46,109,47,95,fire
392,train/images/img (41).jpg,185,img (41).jpg,273,110,148,53,111,fire
393,train/images/pic (218).jpg,183,pic (218).jpg,275,33,161,58,173,fire
394,train/images/pic (147).jpg,194,pic (147).jpg,259,74,133,55,107,fire
395,train/images/img (73).jpg,168,img (73).jpg,299,174,240,63,118,fire
396,train/images/img (83).jpg,168,img (83).jpg,300,66,178,65,124,fire
397,train/images/small (111).jpg,183,small (111).jpg,275,217,245,76,132,fire
398,train/images/pic (217).jpg,194,pic (217).jpg,260,152,218,83,146,fire
399,train/images/pic (170).jpg,194,pic (170).jpg,259,105,186,12,129,fire
400,train/images/pic (136).jpg,183,pic (136).jpg,275,170,269,35,126,fire
401,train/images/pic (132).jpg,225,pic (132).jpg,225,55,90,68,101,fire
402,train/images/pic (132).jpg,225,pic (132).jpg,225,84,175,167,194,fire
403,train/images/pic (132).jpg,225,pic (132).jpg,225,106,181,66,99,fire
404,train/images/pic (132).jpg,225,pic (132).jpg,225,179,220,50,126,fire
405,train/images/pic (171).jpg,225,pic (171).jpg,225,51,128,17,138,fire
406,train/images/small (56).jpg,285,small (56).jpg,177,82,94,92,124,fire
407,train/images/small (70).jpg,193,small (70).jpg,262,213,221,124,138,fire
408,train/images/small (70).jpg,193,small (70).jpg,262,240,247,107,121,fire
409,train/images/pic (68).jpg,183,pic (68).jpg,276,110,204,33,101,fire
410,train/images/pic (68).jpg,183,pic (68).jpg,276,114,142,138,160,fire
411,train/images/small (126).jpg,168,small (126).jpg,300,159,187,70,102,fire
412,train/images/pic (126).jpg,224,pic (126).jpg,225,50,158,129,195,fire
413,train/images/pic (58).jpg,163,pic (58).jpg,309,124,184,48,82,fire
414,train/images/pic (58).jpg,163,pic (58).jpg,309,160,190,83,128,fire
415,train/images/pic (58).jpg,163,pic (58).jpg,309,126,146,93,105,fire
416,train/images/pic (58).jpg,163,pic (58).jpg,309,122,159,116,128,fire
417,train/images/img (103).jpg,268,img (103).jpg,188,38,84,199,248,fire
418,train/images/img (106).jpg,168,img (106).jpg,299,139,170,95,136,fire
419,train/images/img (144).jpg,194,img (144).jpg,259,73,167,52,98,fire
420,train/images/img (36).jpg,225,img (36).jpg,225,45,110,52,133,fire
421,train/images/small (44).jpg,180,small (44).jpg,280,136,163,24,64,fire
422,train/images/small (76).jpg,183,small (76).jpg,275,193,211,90,113,fire
423,train/images/pic (139).jpg,183,pic (139).jpg,275,112,224,10,112,fire
424,train/images/pic (208).jpg,206,pic (208).jpg,245,122,215,22,107,fire
425,train/images/img (87).jpg,178,img (87).jpg,283,67,162,53,134,fire
426,train/images/pic (73).jpg,168,pic (73).jpg,300,156,216,40,88,fire
427,train/images/small (45).jpg,263,small (45).jpg,192,49,63,33,64,fire
428,train/images/small (45).jpg,263,small (45).jpg,192,54,70,19,46,fire
429,train/images/small (45).jpg,263,small (45).jpg,192,95,106,15,45,fire
430,train/images/small (45).jpg,263,small (45).jpg,192,115,129,29,59,fire
431,train/images/small (45).jpg,263,small (45).jpg,192,136,151,32,59,fire
432,train/images/img (79).jpg,137,img (79).jpg,367,105,206,4,126,fire
433,train/images/img (79).jpg,137,img (79).jpg,367,257,321,90,121,fire
434,train/images/img (79).jpg,137,img (79).jpg,367,216,252,27,49,fire
435,train/images/pic (133).jpg,168,pic (133).jpg,300,48,99,90,129,fire
436,train/images/pic (133).jpg,168,pic (133).jpg,300,200,245,95,123,fire
437,train/images/small (129).jpg,225,small (129).jpg,225,69,78,96,115,fire
438,train/images/img (123).jpg,183,img (123).jpg,275,92,147,81,121,fire
439,train/images/img (85).jpg,183,img (85).jpg,276,42,114,31,104,fire
440,train/images/img (85).jpg,183,img (85).jpg,276,107,171,39,141,fire
441,train/images/img (51).jpg,168,img (51).jpg,300,95,152,87,134,fire
442,train/images/pic (178).jpg,184,pic (178).jpg,275,120,197,70,145,fire
443,train/images/small (61).jpg,300,small (61).jpg,168,51,70,84,110,fire
444,train/images/small (61).jpg,300,small (61).jpg,168,83,99,35,56,fire
445,train/images/small (53).jpg,275,small (53).jpg,183,84,97,68,98,fire
446,train/images/small (123).jpg,168,small (123).jpg,299,91,129,30,119,fire
447,train/images/img (59).jpg,183,img (59).jpg,275,102,135,101,127,fire
448,train/images/img (59).jpg,183,img (59).jpg,275,144,172,108,182,fire
449,train/images/img (122).jpg,222,img (122).jpg,227,56,128,154,218,fire
450,train/images/img (141).jpg,194,img (141).jpg,259,61,121,60,95,fire
451,train/images/img (104).jpg,177,img (104).jpg,285,46,136,40,110,fire
452,train/images/img (31).jpg,171,img (31).jpg,295,5,79,40,93,fire
453,train/images/pic (193).jpg,168,pic (193).jpg,299,33,138,11,96,fire
454,train/images/pic (80).jpg,183,pic (80).jpg,275,64,188,15,98,fire
455,train/images/small (103).jpg,183,small (103).jpg,275,38,62,104,120,fire
456,train/images/small (103).jpg,183,small (103).jpg,275,55,79,114,140,fire
457,train/images/small (103).jpg,183,small (103).jpg,275,70,98,81,115,fire
458,train/images/small (103).jpg,183,small (103).jpg,275,95,120,75,97,fire
459,train/images/small (103).jpg,183,small (103).jpg,275,157,193,25,77,fire
460,train/images/small (103).jpg,183,small (103).jpg,275,221,249,33,82,fire
461,train/images/small (67).jpg,183,small (67).jpg,275,79,95,48,75,fire
462,train/images/small (67).jpg,183,small (67).jpg,275,191,208,39,67,fire
463,train/images/pic (163).jpg,194,pic (163).jpg,259,96,141,77,139,fire
464,train/images/img (75).jpg,234,img (75).jpg,215,99,194,107,163,fire
465,train/images/img (111).jpg,177,img (111).jpg,284,106,180,84,141,fire
466,train/images/img (110).jpg,194,img (110).jpg,259,112,187,83,121,fire
467,train/images/pic (175).jpg,183,pic (175).jpg,275,48,169,55,143,fire
468,train/images/img (130).jpg,192,img (130).jpg,262,34,118,44,116,fire
469,train/images/pic (91).jpg,259,pic (91).jpg,194,83,141,117,199,fire
470,train/images/pic (214).jpg,183,pic (214).jpg,275,66,191,27,148,fire
471,train/images/small (41).jpg,194,small (41).jpg,259,124,140,72,94,fire
472,train/images/pic (121).jpg,182,pic (121).jpg,276,118,198,61,117,fire
473,train/images/pic (121).jpg,182,pic (121).jpg,276,198,232,74,113,fire
474,train/images/pic (103).jpg,168,pic (103).jpg,299,76,183,20,78,fire
475,train/images/pic (134).jpg,209,pic (134).jpg,241,33,49,122,145,fire
476,train/images/pic (134).jpg,209,pic (134).jpg,241,70,118,64,105,fire
477,train/images/img (121).jpg,189,img (121).jpg,267,133,227,97,150,fire
478,train/images/small (36).jpg,275,small (36).jpg,183,122,134,125,139,fire
479,train/images/small (36).jpg,275,small (36).jpg,183,157,168,154,171,fire
480,train/images/img (119).jpg,194,img (119).jpg,259,93,150,79,111,fire
481,train/images/img (62).jpg,191,img (62).jpg,264,100,177,77,110,fire
482,train/images/pic (116).jpg,168,pic (116).jpg,300,141,203,34,90,fire
483,train/images/pic (104).jpg,182,pic (104).jpg,276,66,217,101,180,fire
484,train/images/img (32).jpg,194,img (32).jpg,259,63,148,107,164,fire
485,train/images/pic (37).jpg,194,pic (37).jpg,259,167,247,58,142,fire
486,train/images/img (93).jpg,225,img (93).jpg,225,55,103,78,107,fire
487,train/images/pic (41).jpg,300,pic (41).jpg,168,87,115,115,142,fire
488,train/images/small (127).jpg,184,small (127).jpg,274,96,112,98,116,fire
489,train/images/small (127).jpg,184,small (127).jpg,274,134,145,104,121,fire
490,train/images/img (95).jpg,168,img (95).jpg,300,144,223,27,107,fire
491,train/images/pic (184).jpg,183,pic (184).jpg,275,85,150,84,122,fire
492,train/images/pic (183).jpg,183,pic (183).jpg,275,111,193,37,118,fire
493,train/images/pic (127).jpg,168,pic (127).jpg,300,149,203,37,91,fire
494,train/images/img (81).jpg,168,img (81).jpg,300,129,172,56,107,fire
495,train/images/small (47).jpg,263,small (47).jpg,192,84,101,17,51,fire
496,train/images/small (118).jpg,275,small (118).jpg,183,56,61,114,126,fire
497,train/images/pic (145).jpg,174,pic (145).jpg,290,101,209,40,123,fire
498,train/images/small (43).jpg,183,small (43).jpg,275,30,50,44,70,fire
499,train/images/pic (63).jpg,168,pic (63).jpg,300,67,119,58,107,fire
500,train/images/img (77).jpg,168,img (77).jpg,300,118,213,54,118,fire
501,train/images/img (115).jpg,191,img (115).jpg,264,64,121,92,142,fire
502,train/images/small (119).jpg,168,small (119).jpg,300,153,169,95,109,fire
503,train/images/small (130).jpg,198,small (130).jpg,255,170,191,13,51,fire
504,train/images/small (112).jpg,183,small (112).jpg,275,195,205,79,94,fire
505,train/images/pic (194).jpg,194,pic (194).jpg,259,30,140,55,135,fire
506,train/images/img (84).jpg,168,img (84).jpg,299,152,239,23,99,fire
507,train/images/img (102).jpg,198,img (102).jpg,255,132,203,48,98,fire
508,train/images/pic (92).jpg,147,pic (92).jpg,342,100,177,5,73,fire
509,train/images/pic (211).jpg,183,pic (211).jpg,275,61,191,24,133,fire
510,train/images/pic (203).jpg,183,pic (203).jpg,275,103,243,49,125,fire
511,train/images/pic (192).jpg,168,pic (192).jpg,300,176,220,78,99,fire
512,train/images/pic (101).jpg,183,pic (101).jpg,275,43,93,64,131,fire
513,train/images/small (69).jpg,192,small (69).jpg,263,61,79,74,95,fire
514,train/images/small (69).jpg,192,small (69).jpg,263,178,191,86,121,fire
515,train/images/pic (42).jpg,300,pic (42).jpg,168,86,113,117,147,fire
516,train/images/pic (56).jpg,183,pic (56).jpg,275,76,181,51,127,fire
517,train/images/pic (36).jpg,168,pic (36).jpg,300,121,219,58,142,fire
518,train/images/pic (36).jpg,168,pic (36).jpg,300,178,223,139,163,fire
519,train/images/img (129).jpg,183,img (129).jpg,275,91,174,55,111,fire
520,train/images/pic (144).jpg,201,pic (144).jpg,251,115,162,94,139,fire
521,train/images/small (120).jpg,183,small (120).jpg,275,140,151,57,81,fire
522,train/images/pic (67).jpg,259,pic (67).jpg,194,81,146,86,155,fire
523,train/images/pic (176).jpg,183,pic (176).jpg,275,54,123,70,124,fire
524,train/images/pic (176).jpg,183,pic (176).jpg,275,111,186,8,107,fire
525,train/images/pic (186).jpg,168,pic (186).jpg,300,62,233,2,140,fire
526,train/images/img (90).jpg,183,img (90).jpg,275,191,252,96,153,fire
527,train/images/pic (207).jpg,194,pic (207).jpg,259,130,221,58,109,fire
528,train/images/pic (93).jpg,168,pic (93).jpg,300,65,175,4,105,fire
529,train/images/pic (102).jpg,194,pic (102).jpg,260,96,174,46,102,fire
530,train/images/img (101).jpg,194,img (101).jpg,259,90,160,109,186,fire
531,train/images/pic (188).jpg,183,pic (188).jpg,275,75,253,9,138,fire
532,train/images/pic (196).jpg,194,pic (196).jpg,259,35,109,6,124,fire
533,train/images/small (66).jpg,232,small (66).jpg,217,56,73,115,133,fire
534,train/images/small (98).jpg,225,small (98).jpg,225,94,169,81,111,fire
535,train/images/img (65).jpg,169,img (65).jpg,299,104,190,13,106,fire
536,train/images/pic (50).jpg,186,pic (50).jpg,271,71,138,60,111,fire
537,train/images/pic (50).jpg,186,pic (50).jpg,271,136,224,100,137,fire
538,train/images/pic (50).jpg,186,pic (50).jpg,271,193,228,47,91,fire
539,train/images/img (132).jpg,183,img (132).jpg,275,91,222,8,108,fire
540,train/images/img (132).jpg,183,img (132).jpg,275,62,94,119,140,fire
541,train/images/pic (39).jpg,194,pic (39).jpg,260,115,186,109,175,fire
542,train/images/img (64).jpg,192,img (64).jpg,262,63,162,52,128,fire
543,train/images/pic (38).jpg,168,pic (38).jpg,300,105,290,34,124,fire
544,train/images/img (76).jpg,168,img (76).jpg,300,207,254,110,156,fire
545,train/images/img (70).jpg,195,img (70).jpg,259,87,154,18,73,fire
546,train/images/pic (213).jpg,202,pic (213).jpg,249,81,129,95,160,fire
547,train/images/img (46).jpg,168,img (46).jpg,300,94,146,35,119,fire
548,train/images/img (46).jpg,168,img (46).jpg,300,139,180,69,157,fire
549,train/images/img (46).jpg,168,img (46).jpg,300,183,226,105,146,fire
550,train/images/small (101).jpg,183,small (101).jpg,275,54,71,97,116,fire
551,train/images/img (131).jpg,250,img (131).jpg,202,8,72,149,215,fire
552,train/images/img (131).jpg,250,img (131).jpg,202,60,101,132,184,fire
553,train/images/img (131).jpg,250,img (131).jpg,202,91,115,110,131,fire
554,train/images/img (131).jpg,250,img (131).jpg,202,110,143,125,160,fire
555,train/images/img (39).jpg,199,img (39).jpg,253,107,168,100,133,fire
556,train/images/img (47).jpg,168,img (47).jpg,300,125,195,85,133,fire
557,train/images/img (96).jpg,183,img (96).jpg,275,72,139,97,147,fire
558,train/images/img (96).jpg,183,img (96).jpg,275,140,204,51,143,fire
559,train/images/small (86).jpg,275,small (86).jpg,183,57,67,199,212,fire
560,train/images/small (86).jpg,275,small (86).jpg,183,113,123,199,214,fire
561,train/images/small (52).jpg,183,small (52).jpg,275,91,104,20,42,fire
562,train/images/pic (210).jpg,194,pic (210).jpg,259,76,231,85,166,fire
